date,name,description,link,location,tags
2022-10-05 18:00:00,"The Ethereum merge","AperiTech di Ottobre 2022 di Blockchain Education Network Italia",https://community.codemotion.com/blockchain-education-network-italia/meetups/online-meetup-aperitech-di-ottobre-2022-di-blockchain-education-network-italia,Online,"crypto,ethereum,blockchain"
2022-10-06 11:00:00,"Debriefing automatico (e facile) grazie alla Computer Vision",,https://events.codemotion.com/webinars/debriefing-automatico-e-facile-grazie-alla-computer-vision,Online,"computer vision,keras,tensorflow,ai"
2022-10-06 09:00:00,"Droidcon Italy","The italian Android dev meeting",https://it.droidcon.com/2022/,Torino + Online,"android,mobile"
2022-10-07 09:00:00,"Droidcon Italy","The italian Android dev meeting",https://it.droidcon.com/2022/,Torino + Online,"android,mobile"
2022-10-07 17:55:00,"Il design delle istituzioni","Wired Next Fest 2022",https://designers.italia.it/notizie/designers-italia-wired-next-fest/,Milano,"design,a11y,accessibility"
2022-10-11 18:00:00,"Blazor Developer Italiani Meetup - Ottobre 2022",,https://blazordev.it/eventi/blazor-developer-italiani-meetup-ottobre-2022/,Roma,"blazor,.net,maui,ai,azure"
2022-10-11 18:45:00,"Minicorso Azure Data Factory con GitHub e VS Code","1¬™ puntata",https://thecmmbay.com/eventi/minicorso-azure-data-factory-con-github-e-vs-code-1a-puntata-xdwed3vj65z,Online,"azure,github,vs code,azure data factory"
2022-10-11 19:00:00,"Come prendiamo le decisioni?","Meetup in presenza AperiTech AgileTalks",https://community.codemotion.com/agile-talks/meetups/roma-meetup-aperitech-di-ottobre-2022-di-agile-talks,Roma,"agile,kanban"
2022-10-11 19:00:00,"La macchina che uccide","Devs Meet Ethics",https://community.codemotion.com/codemotion-italy/meetups/devs-meet-ethics---la-macchina-che-uccide,Online,"ai"
2022-10-12 18:45:00,"L‚Äôimportanza della Software Architecture",,https://thecmmbay.com/eventi/l-importanza-della-software-architecture-pr97rznel6x,Online,"software architecture"
2022-10-12 19:00:00,"Docker. Sviluppare e rilasciare software tramite container","Devs Book Club",https://community.codemotion.com/codemotion-italy/meetups/devs-book-club---docker-sviluppare-e-rilasciare-software-tramite-container#,Online,"docker,kubernetes,container"
2022-10-12 19:00:00,"AperiTech di Ottobre 2022 della community urbe.eth",,https://community.codemotion.com/urbe.eth/meetups/roma-meetup-aperitech-di-ottobre-2022-di-urbeeth,Online,"web3,crypto,nft"
2022-10-13 18:45:00,"Customer Service with Vertex AI","In che modo un'azienda pu√≤ rendere pi√π efficiente il proprio call-center nella gestione delle chiamate sfruttando i dati e l'AI?¬†Use case di Facile.it",https://gdg.community.dev/events/details/google-gdg-cloud-milano-presents-customer-service-with-vertex-ai/,Milano,"AI, customer service"
2022-10-13 19:00:00,"AperiTech di Ottobre 2022 di Rust Roma",,https://community.codemotion.com/rust-roma/meetups/roma-meetup-aperitech-di-ottobre-2022-di-rust-roma,Online,"rust"
2022-10-13 19:00:00,"Freelance: si pu√≤ fare!","Freelance Land",https://community.codemotion.com/codemotion-italy/meetups/freelance-land---freelance---si-pu-fare,Online,"freelance,personal brand"
2022-10-14 18:20:00,"Ada Lovelace Day - Donne nella scienza e nella tecnologia",,https://gdg.community.dev/events/details/google-gdg-cloud-torino-presents-ada-lovelace-day-donne-nella-scienza-e-nella-tecnologia/,Torino,"women, bias, AI, gender bias"
2022-10-14 20:00:00,"Coding Gym Marghera Ottobre 2022",,https://coding-gym.org/events/2022-10-14-it-ve/,Marghera (VE),"coding"
2022-10-18 18:45:00,"Minicorso Azure Data Factory con GitHub e VS Code","2¬™ puntata",https://thecmmbay.com/eventi/minicorso-azure-data-factory-con-github-e-vs-code-2a-puntata-4vdj8mw7n3k,Online,"azure,github,vs code,azure data factory"
2022-10-18 19:00:00,"Tech and pizza","Un momento di incontro per sviluppatori ed appassionati per confrontarsi sulle nuove tecnologie üçïü§ñüì±",https://gdg.community.dev/events/details/google-gdg-valle-daosta-presents-tech-and-pizza-2022-10-18/,Aosta,"new technologies"
2022-10-19 18:45:00,"Programma con Visual Studio Code",,https://thecmmbay.com/eventi/programma-con-visual-studio-code-vlxj14mj13y,Online,"vs code"
2022-10-19 19:00:00,"AperiTech di Ottobre 2022 di RomaJS",,https://community.codemotion.com/romajs/meetups/roma-meetup-aperitech-di-ottobre-2022-di-romajs,Online,"javascript"
2022-10-17 09:00:00,"WPC 2022","La pi√π importante conferenza italiana sulle tecnologie Microsoft",https://www.wpc2022.it,Milano,".net,windows,azure,blazor,sql,powerbi,sql server"
2022-10-18 09:00:00,"WPC 2022","La pi√π importante conferenza italiana sulle tecnologie Microsoft",https://www.wpc2022.it,Milano,".net,windows,azure,blazor,sql,powerbi,sql server"
2022-10-19 09:00:00,"WPC 2022","La pi√π importante conferenza italiana sulle tecnologie Microsoft",https://www.wpc2022.it,Milano,".net,windows,azure,blazor,sql,powerbi,sql server"
2022-10-19 18:30:00,"Introduzione allo sviluppo FrontEnd con React",,https://gdg.community.dev/events/details/google-gdg-pisa-presents-introduzione-allo-sviluppo-frontend-con-react/,Pisa,"react"
2022-10-22 09:00:00,"DevFest Triveneto 2022 (Venezia)","Il momento di ritrovo tra developer in cui condividere la propria passione ed esperienza per il mondo dello sviluppo",https://www.devfest-triveneto.it/agenda-venezia/,Mestre (VE),"google,web,java"
2022-10-22 09:00:00,"DevFest Triveneto 2022 (Trento)","Il momento di ritrovo tra developer in cui condividere la propria passione ed esperienza per il mondo dello sviluppo",https://www.devfest-triveneto.it/agenda-trento/,Trento,"google,web,java"
2022-10-24 18:30:00,"AperiTech di Ottobre 2022 di Deep Learning Italia",,https://community.codemotion.com/deep-learning-italia/meetups/online-meetup-aperitech-di-ottobre-2022-di-deep-learning-italia,Online,"deep learning,ai"
2022-10-25 19:00:00,"AperiTech di Ottobre 2022 di Golang Roma",,https://community.codemotion.com/golang-roma/meetups/roma-meetup-aperitech-di-ottobre-2022-di-golang-roma,Online,"go,golang"
2022-10-25 19:00:00,"Tech and pizza","Un momento di incontro per sviluppatori ed appassionati per confrontarsi sulle nuove tecnologie üçïü§ñüì±",https://gdg.community.dev/events/details/google-gdg-valle-daosta-presents-tech-and-pizza-2022-10-25/,Aosta,"new technologies"
2022-10-26 19:00:00,"AperiTech di Ottobre 2022 di DotNetCode",,https://community.codemotion.com/dotnetcode/meetups/roma-meetup-aperitech-di-ottobre-2022-di-dotnetcode,Online,".net"
2022-10-27 09:30:00,"Cloud Day 2022",,https://www.eventbrite.it/e/biglietti-cloud-day-2022-352847615717,Milano (MI),"cloud native,aws,devops,azure"
2022-10-27 11:00:00,"Event Sourcing: scalabilit√† e affidabilit√† facili con Akka Persistence",,https://events.codemotion.com/webinars/event-sourcing-scalabilit-e-affidabilit-facili-con-akka-persistence,Online,"akka,event sourcing,scala"
2022-10-27 19:00:00,"AperiTech di Ottobre 2022 di GraphRM",,https://community.codemotion.com/graphrm/meetups/roma-meetup-aperitech-di-ottobre-2022-di-graphrm,Online,"graphrm"
2022-10-27 20:00:00,"Coding Gym Castelfranco Veneto Ottobre 2022",,https://coding-gym.org/events/2022-10-27-it-pd/,Castelfranco Veneto (TV),"coding"
2022-10-28 19:00:00,"AperiTech di Ottobre 2022 di WordPress Roma",,https://community.codemotion.com/wordpress-roma/meetups/roma-meetup-aperitech-di-ottobre-2022-di-wordpress-roma,Roma,"wordpress,php"
2022-10-31 18:30:00,"Aperitech restart","Aperitivo aperto a tutti gli aderenti e i simpatizzanti del GDG Gela, ripresa delle attivit√† e programmazione delle attivit√† future, presentazione del nuovo team e lead.",https://gdg.community.dev/events/details/google-gdg-gela-presents-aperitech-restart/,Gela,"google,developers,enthusiasts,beer"
2022-11-10 20:45:00,"Coding Gym Bassano del Grappa Novembre 2022",,https://coding-gym.org/events/2022-11-10-it-bdg/,Bassano del Grappa (VI),"coding"
2022-11-19 09:30:00,"DevFest Pescara",,https://gdg.community.dev/events/details/google-gdg-pescara-presents-devfest-pescara-2022/,Pescara,"google"
2022-11-26 10:30:00,"GDG Napoli Devfest 2022","",https://gdg.community.dev/events/details/google-gdg-napoli-presents-gdg-napoli-devfest-2022/,Napoli,"google,developers,enthusiasts"
2022-12-01 09:00:00,"Quantum Internet Hackathon 2022",,https://labs.ripe.net/author/karla-white/take-part-in-the-quantum-internet-hackathon-2022/,Padova o Online,"coding,internet,quantum internet"
2022-12-02 09:00:00,"Quantum Internet Hackathon 2022",,https://labs.ripe.net/author/karla-white/take-part-in-the-quantum-internet-hackathon-2022/,Padova o Online,"coding,internet,quantum internet"
2022-12-03 09:00:00,"Devfest Torino 2022","Devfest Torino 2022 √® l'evento per sviluppatori, designer e appassionati di tecnologia che porta tecnologia per tutti!",https://gdg.community.dev/events/details/google-gdg-torino-presents-devfest-torino-2022/,Torino,"google,developers, designers, enthusiasts"
2022-12-03 09:00:00,"Devfest Bari 2022","",https://gdg.community.dev/events/details/google-gdg-bari-presents-devfest-bari-2022/,Bari,"google,developers,enthusiasts"
2022-12-04 09:00:00,"Devfest Bari 2022","",https://gdg.community.dev/events/details/google-gdg-bari-presents-devfest-bari-2022/,Bari,"google,developers,enthusiasts"
2022-12-10 10:00:00,"Devfest Catania 2022","",https://gdg.community.dev/events/details/google-gdg-catania-presents-devfest-catania-2022/,Catania,"google,developers,enthusiasts"
2022-12-11 10:00:00,"Devfest Catania 2022","",https://gdg.community.dev/events/details/google-gdg-catania-presents-devfest-catania-2022/,Catania,"google,developers,enthusiasts"
2022-12-21 16:00:00,"Devfest Aosta 2022","",https://gdg.community.dev/events/details/google-gdg-valle-daosta-presents-devfest-aosta-2022/,Aosta,"google,developers,enthusiasts"
